Name,Price,ASIN,Best Sellers Rank,Date First Available,Packer,Importer,Item Dimensions LxWxH,Net Quantity,Generic Name,Number of Ratings,Customer Rating
"Lenovo IdeaPad Slim 5 Intel Core i5 11th Gen 15.6"" (39.62cm) FHD IPS Thin & Light Laptop (16GB/512GB SSD/Windows 11/Office 2021/Backlit/FPR/3months Game Pass/Graphite Grey/1.66Kg), 82FG01B5IN",59418.0,B09Q5F1GTP,"5,057 in Electronics (See Top 100 in Electronics) 46 in Traditional Laptops",11 January 2022,"One of the below: Hefei Bitland Information Technology Co.,Ltd - No.4088 Jiuxiu Road National Hefei economic & technology development area Hefei Anhui China LCFC（Hefei) Electronics Technology Co., Ltd. - NO.1-3188,YUNGU ROAD, HEFEI EXPORT PROCESSING ZONE. ANHUI PROVINCE,CHINA  Tech-Com(Shanghai) Computer Co Ltd - No.6 Ln.58,San-Zhuang Rd., Songjiang EPZ ShangHai, China Wistron InfoComm (Kunshan) Co.Ltd - 168# First Avenue, Kunshan Export Processing Zone, Kunshan, Jiangsu, China Compal information technology (kunshan) CO., LTD. - Address: No. 58, the 1st street, Kunshan Export Processing Zone, Jiangsu, P.R.O.C. CHINA Kunshan Hichain storage Co. Ltd - No. 88 Xinxiang Road  Avenue Kunshan CBZ Wujiang Hichain warehousing LTD - No.2088 Pangjin road, Wujiang economic development area,  Jiangsu, China","Lenovo (India) Private Limited, RBD Icon, Level 2, Doddenakundi Village, Marathahalli Outer Ring Road, K. R. Puram Hobli, Bangalore 560037, Karnataka, India",35.7 x 23.3 x 2 Centimeters,1 Piece,Laptop,81.0,4.2
"Lenovo IdeaPad Slim 3 Intel Core i3-1115G4 11th Gen 15.6"" (39.62cm) FHD Laptop (8GB/256GB SSD/Win 11/Office 2021/2 Year Warranty/3 Month Game Pass/Platinum Grey/1.7Kg), 81X800LCIN",33990.0,B0B9YHX39M,"1,250 in Electronics (See Top 100 in Electronics) 2 in Traditional Laptops",17 August 2022,"One of the below: Hefei Bitland Information Technology Co.,Ltd - No.4088 Jiuxiu Road National Hefei economic & technology development area Hefei Anhui China LCFC（Hefei) Electronics Technology Co., Ltd. - NO.1-3188,YUNGU ROAD, HEFEI EXPORT PROCESSING ZONE. ANHUI PROVINCE,CHINA  Tech-Com(Shanghai) Computer Co Ltd - No.6 Ln.58,San-Zhuang Rd., Songjiang EPZ ShangHai, China Wistron InfoComm (Kunshan) Co.Ltd - 168# First Avenue, Kunshan Export Processing Zone, Kunshan, Jiangsu, China Compal information technology (kunshan) CO., LTD. - Address: No. 58, the 1st street, Kunshan Export Processing Zone, Jiangsu, P.R.O.C. CHINA Kunshan Hichain storage Co. Ltd - No. 88 Xinxiang Road  Avenue Kunshan CBZ Wujiang Hichain warehousing LTD - No.2088 Pangjin road, Wujiang economic development area,  Jiangsu, China","Lenovo (India) Private Limited, RBD Icon, Level 2, Doddenakundi Village, Marathahalli Outer Ring Road, K. R. Puram Hobli, Bangalore 560037, Karnataka, India",36.2 x 25.3 x 2 Centimeters,1 Piece,Laptop,84.0,4.0
"HP 15s, AMD Athlon Silver 3050U 8GB RAM/512GB SSD 15.6-inches/39.6 cm HD, Micro-Edge Display/Windows 11/AMD Radeon Graphics/Dual Speakers/MSO/Fast Charge/1.69 Kg, 15s-eq1559AU",29212.0,B0B6F5TDK4,407 in Computers & Accessories (See Top 100 in Computers & Accessories) 3 in Traditional Laptops,13 July 2022,HP India Sales Pvt. Ltd.,HP India Sales Pvt. Ltd.,35.8 x 24.2 x 1.8 Centimeters,1 Pack,Laptop,170.0,3.7
"ASUS Vivobook 16X (2022), 16.0-inch (40.64 cms) FHD+ 16:10, AMD Ryzen 5 5600H, Thin and Laptop (8GB/512GB SSD/Integrated Graphics/Windows 11/Office 2021/Silver/1.80 kg), M1603QA-MB501WS",48999.0,B0B8ZT96HS,"4,253 in Electronics (See Top 100 in Electronics) 31 in Traditional Laptops",7 August 2022,"TECH FRONT ( CHONGQING) Computer Co. Ltd, NO 18 , Zongbao Road, Shapingba Dist,Chongquing, China","ASUS INDIA PRIVATE LIMITED, 402, Supreme chambers, 17/18, Shah Industrial Estate, Veer Desai Road, Andheri (west), Mumbai 400053, India",24.8 x 35.8 x 2 Centimeters,1 Count,Laptop,28.0,4.4
"Lenovo E41-55 AMD 14-inch HD 220 Nits Antiglare Thin and Light Laptop (AMD Athlon A3150U/4GB RAM/256GB HDD/DOS/Integrated AMD Graphics/Grey/1 Year Onsite/1.59 kg), 82FJ00AGIH",18990.0,B0B65NN833,"1,441 in Computers & Accessories (See Top 100 in Computers & Accessories) 35 in Traditional Laptops",9 July 2022,"Compal Information Technology ( KUNSHUN) co.ltd No.58 First Avenue, A Zone KUNSHAN Comprehensive Free Trade Zone, KUNSHAN, Jiangsu China","Lenovo India Pvt Ltd RBD Icon, 2nd Floor, Doddenekundi Marathaalli Outer Ring Road Bangalore, India 560037",23 x 33 x 2 Centimeters,1 Case,Laptop,12.0,3.9
"Lenovo Yoga 7 AMD Ryzen 7 5800U 14""(35.56cm) FHD IPS 2-in-1 Convertible Touchscreen Laptop(16GB/512GB SSD/Win10/Office/Backlit/Digital Pen/3Yr Warranty/Slate Grey/Aluminium Surface/1.45Kg), 82N7000AIN",96990.0,B09GBCDZ79,"54,030 in Computers & Accessories (See Top 100 in Computers & Accessories) 53 in 2 in 1 Laptops",15 September 2021,"One of the below: Hefei Bitland Information Technology Co.,Ltd - No.4088 Jiuxiu Road National Hefei economic & technology development area Hefei Anhui China LCFC（Hefei) Electronics Technology Co., Ltd. - NO.1-3188,YUNGU ROAD, HEFEI EXPORT PROCESSING ZONE. ANHUI PROVINCE,CHINA  Tech-Com(Shanghai) Computer Co Ltd - No.6 Ln.58,San-Zhuang Rd., Songjiang EPZ ShangHai, China Wistron InfoComm (Kunshan) Co.Ltd - 168# First Avenue, Kunshan Export Processing Zone, Kunshan, Jiangsu, China Compal information technology (kunshan) CO., LTD. - Address: No. 58, the 1st street, Kunshan Export Processing Zone, Jiangsu, P.R.O.C. CHINA Kunshan Hichain storage Co. Ltd - No. 88 Xinxiang Road  Avenue Kunshan CBZ Wujiang Hichain warehousing LTD - No.2088 Pangjin road, Wujiang economic development area,  Jiangsu, China","Lenovo (India) Private Limited, RBD Icon, Level 2, Doddenakundi Village, Marathahalli Outer Ring Road, K. R. Puram Hobli, Bangalore 560037, Karnataka, India",32 x 16.7 x 1.8 Centimeters,1 Piece,Laptop,14.0,4.1
"Honor MagicBook 15, AMD Ryzen 5 5500U 15.6-inch (39.62 cm) FHD IPS Anti-Glare Thin and Light Laptop (8GB/256GB PCIe SSD/Windows 11/ Metal Body/Fingerprint Login/1.54Kg), Gray, BohrM-WDQ9CHNE",39490.0,B0BC9S5DLW,"2,805 in Electronics (See Top 100 in Electronics) 15 in Traditional Laptops",21 September 2022,"Address: Tech-Front (Chongqing) Computer Co., Ltd. No. 18, ZongBao Road, Shapingba District Chongqing , CHINA CHONGQING,China-401332 E-mail: vince.chen@quantatw.com","Address : PSAV Global Tech Private Limited BR-12, Sector-45, Noida, Gautam Buddha Nagar, U.P. 201301, India Customer Care No.: 18003098970 E-mail: customersupport@psavglobaltech.com",17 x 230 x 357 Millimeters,1 Count,Laptop,479.0,4.3
"Lenovo IdeaPad D330 Intel Celeron N4020 10.1"" (25cm) HD IPS Detachable 2-in-1 Laptop (4GB/128GB eMMC/Windows 10/1 Yr Warranty/Mineral Grey/1.1Kg), 82H0001YIN",21797.0,B09SV2B5SR,"3,442 in Electronics (See Top 100 in Electronics) 20 in Traditional Laptops",18 February 2022,"One of the below: Hefei Bitland Information Technology Co.,Ltd - No.4088 Jiuxiu Road National Hefei economic & technology development area Hefei Anhui China LCFC（Hefei) Electronics Technology Co., Ltd. - NO.1-3188,YUNGU ROAD, HEFEI EXPORT PROCESSING ZONE. ANHUI PROVINCE,CHINA  Tech-Com(Shanghai) Computer Co Ltd - No.6 Ln.58,San-Zhuang Rd., Songjiang EPZ ShangHai, China Wistron InfoComm (Kunshan) Co.Ltd - 168# First Avenue, Kunshan Export Processing Zone, Kunshan, Jiangsu, China Compal information technology (kunshan) CO., LTD. - Address: No. 58, the 1st street, Kunshan Export Processing Zone, Jiangsu, P.R.O.C. CHINA Kunshan Hichain storage Co. Ltd - No. 88 Xinxiang Road  Avenue Kunshan CBZ Wujiang Hichain warehousing LTD - No.2088 Pangjin road, Wujiang economic development area,  Jiangsu, China","Lenovo (India) Private Limited, RBD Icon, Level 2, Doddenakundi Village, Marathahalli Outer Ring Road, K. R. Puram Hobli, Bangalore 560037, Karnataka, India",24.9 x 17.8 x 1 Centimeters,1 Piece,Laptop,448.0,3.8
"Lenovo IdeaPad Slim 3 Intel Core i5 11th Gen 15.6 inches (39.62cm) FHD Thin & Light Business Laptop (8GB/512GB SSD/Windows 11/MS Office/Backlit Keyboard/Arctic Grey/1.65Kg), 82H802XTIN",52829.0,B0B82FX9JW,"9,396 in Electronics (See Top 100 in Electronics) 97 in Traditional Laptops",29 July 2022,"One of the below: Hefei Bitland Information Technology Co.,Ltd - No.4088 Jiuxiu Road National Hefei economic & technology development area Hefei Anhui China LCFC（Hefei) Electronics Technology Co., Ltd. - NO.1-3188,YUNGU ROAD, HEFEI EXPORT PROCESSING ZONE. ANHUI PROVINCE,CHINA  Tech-Com(Shanghai) Computer Co Ltd - No.6 Ln.58,San-Zhuang Rd., Songjiang EPZ ShangHai, China Wistron InfoComm (Kunshan) Co.Ltd - 168# First Avenue, Kunshan Export Processing Zone, Kunshan, Jiangsu, China Compal information technology (kunshan) CO., LTD. - Address: No. 58, the 1st street, Kunshan Export Processing Zone, Jiangsu, P.R.O.C. CHINA Kunshan Hichain storage Co. Ltd - No. 88 Xinxiang Road  Avenue Kunshan CBZ Wujiang Hichain warehousing LTD - No.2088 Pangjin road, Wujiang economic development area,  Jiangsu, China","Lenovo (India) Private Limited, RBD Icon, Level 2, Doddenakundi Village, Marathahalli Outer Ring Road, K. R. Puram Hobli, Bangalore 560037, Karnataka, India",35.9 x 23.7 x 2 Centimeters,1 Piece,Laptop,474.0,4.1
"ASUS ExpertBook B9 (B9450FA) Intel i5-10210U 14 inches Notebook (8GB, 512 PCIEx4, Windows 10 Home, 0.99 kg) B9450FA-BM0691T",,B08J13QWCB,"109,403 in Computers & Accessories (See Top 100 in Computers & Accessories) 4,240 in Traditional Laptops",13 September 2020,"Digitek (Chongqing) Limited, B01 SEC C AIRPORT FUNCTION ZONE LIANGLU CUNTAN FREE TRADE PORT AREA, YUBEI DISTRICT CHONGQING, CHINA","Asus India Pvt Ltd, 402-Supreme Chambers,17/18 Shah Industrial Estate, Veera Desai Road,Andheri-west, Mumbai- 53,India",20.3 x 32 x 1.5 Centimeters,,Business Laptop,5.0,4.5
"ASUS Vivobook 16X (2022), 16.0-inch (40.64 cms) FHD+ 16:10, AMD Ryzen 5 5600H, Thin and Laptop (8GB/512GB SSD/Integrated Graphics/Windows 11/Office 2021/Silver/1.80 kg), M1603QA-MB501WS",48999.0,B0B8ZT96HS,"4,253 in Electronics (See Top 100 in Electronics) 31 in Traditional Laptops",7 August 2022,"TECH FRONT ( CHONGQING) Computer Co. Ltd, NO 18 , Zongbao Road, Shapingba Dist,Chongquing, China","ASUS INDIA PRIVATE LIMITED, 402, Supreme chambers, 17/18, Shah Industrial Estate, Veer Desai Road, Andheri (west), Mumbai 400053, India",24.8 x 35.8 x 2 Centimeters,1 Count,Laptop,28.0,4.4
"Lenovo E41-55 AMD 14-inch HD 220 Nits Antiglare Thin and Light Laptop (AMD Athlon A3150U/4GB RAM/256GB HDD/DOS/Integrated AMD Graphics/Grey/1 Year Onsite/1.59 kg), 82FJ00AGIH",18990.0,B0B65NN833,"1,441 in Computers & Accessories (See Top 100 in Computers & Accessories) 35 in Traditional Laptops",9 July 2022,"Compal Information Technology ( KUNSHUN) co.ltd No.58 First Avenue, A Zone KUNSHAN Comprehensive Free Trade Zone, KUNSHAN, Jiangsu China","Lenovo India Pvt Ltd RBD Icon, 2nd Floor, Doddenekundi Marathaalli Outer Ring Road Bangalore, India 560037",23 x 33 x 2 Centimeters,1 Case,Laptop,12.0,3.9
"Lenovo (Renewed) Thinkpad T440-i5-8 GB-500 GB 14-inch Laptop (4th Gen Core i5/8GB/500GB HDD/Windows 7/Integrated Graphics), Black",,B07S3VLQZR,"1,180 in Computers & Accessories (See Top 100 in Computers & Accessories) 6 in For the Cricket Frenzy 23 in Holi Renewed 26 in Traditional Laptops",20 May 2019,,,20 x 20 x 8 Centimeters,,,10.0,2.4
"Acer Extensa 15 Lightweight Laptop Intel Core i3 11th Gen Processor (4 GB RAM/256GB SSD/Windows 11 Home/Intel UHD Graphics /1.7Kg/Black) EX215-54 with 15.6"" (39.6 cms) Full HD Display",30490.0,B09STHP9PX,"23,889 in Electronics (See Top 100 in Electronics) 236 in Traditional Laptops",18 February 2022,"Compal Electronics Pvt Ltd, No.D01, Zone D, Air Port Section of LiangLu CunTan Free Trade Port Area, YuBei District, Chongqing, China","ACER INDIA PRIVATE LIMITED Embassy Heights, 6th Floor, No. 13 Magrath Road, Next to HOSMAT Hospital, Bangalore, INDIA – 560025",23.8 x 36.3 x 2 Centimeters,1 Piece,Laptops,552.0,4.0
"MSI Cyborg 15, Intel 12th Gen. i7-12650H, 40CM FHD 144Hz Gaming Laptop (16GB/512GB NVMe SSD/Windows 11 Home/Nvidia GeForce RTX4060, 8GB GDDR6/Translucent Black/1.98Kg), A12VF-069IN",124837.0,B0BW9GMQV6,"10,935 in Computers & Accessories (See Top 100 in Computers & Accessories) 359 in Traditional Laptops",20 February 2023,"Micro-Star International Co., Ltd. No. 88 East Qianjin Road, Kunshan City, Jiangsu, China","Micro-Star International Co., Ltd. No. 88 East Qianjin Road, Kunshan City, Jiangsu, China",35.9 x 25 x 2.3 Centimeters,1 Pack,Laptop,,
"HP 15s-Ryzen 3 3250U 8GB SDRAM/256GB SSD 15.6inch(39.6cm) HD, Micro-Edge Laptop/AMD Radeon Graphics/Dual Speakers/Win 11 Home/MS Office/Fast Charge/Jet Black/1.69Kg, 15s-ey1508AU",33490.0,B0BJ2LZXD9,"1,621 in Computers & Accessories (See Top 100 in Computers & Accessories) 47 in Traditional Laptops",13 October 2022,HP India Sales Pvt Ltd,HP India Sales Pvt Ltd,35.9 x 24.2 x 1.8 Centimeters,1 Pack,Laptop,114.0,3.4
"Honor MagicBook 15, AMD Ryzen 5 5500U 15.6-inch (39.62 cm) FHD IPS Anti-Glare Thin and Light Laptop (8GB/256GB PCIe SSD/Windows 11/ Metal Body/Fingerprint Login/1.54Kg), Gray, BohrM-WDQ9CHNE",39490.0,B0BC9S5DLW,"2,805 in Electronics (See Top 100 in Electronics) 15 in Traditional Laptops",21 September 2022,"Address: Tech-Front (Chongqing) Computer Co., Ltd. No. 18, ZongBao Road, Shapingba District Chongqing , CHINA CHONGQING,China-401332 E-mail: vince.chen@quantatw.com","Address : PSAV Global Tech Private Limited BR-12, Sector-45, Noida, Gautam Buddha Nagar, U.P. 201301, India Customer Care No.: 18003098970 E-mail: customersupport@psavglobaltech.com",17 x 230 x 357 Millimeters,1 Count,Laptop,479.0,4.3
"Lenovo IdeaPad Slim 3 Intel Core i3 12th Gen 15.6"" (39.62cm) FHD Thin & Light Laptop (8GB/512GB SSD/Windows 11/Office 2021/2Yr Warranty/3months Game Pass/Arctic Grey/1.63Kg), 82RK006DIN",45990.0,B0B4JPC8GT,"13,459 in Electronics (See Top 100 in Electronics) 135 in Traditional Laptops",20 June 2022,"One of the below: Hefei Bitland Information Technology Co.,Ltd - No.4088 Jiuxiu Road National Hefei economic & technology development area Hefei Anhui China LCFC（Hefei) Electronics Technology Co., Ltd. - NO.1-3188,YUNGU ROAD, HEFEI EXPORT PROCESSING ZONE. ANHUI PROVINCE,CHINA  Tech-Com(Shanghai) Computer Co Ltd - No.6 Ln.58,San-Zhuang Rd., Songjiang EPZ ShangHai, China Wistron InfoComm (Kunshan) Co.Ltd - 168# First Avenue, Kunshan Export Processing Zone, Kunshan, Jiangsu, China Compal information technology (kunshan) CO., LTD. - Address: No. 58, the 1st street, Kunshan Export Processing Zone, Jiangsu, P.R.O.C. CHINA Kunshan Hichain storage Co. Ltd - No. 88 Xinxiang Road  Avenue Kunshan CBZ Wujiang Hichain warehousing LTD - No.2088 Pangjin road, Wujiang economic development area,  Jiangsu, China","Lenovo (India) Private Limited, RBD Icon, Level 2, Doddenakundi Village, Marathahalli Outer Ring Road, K. R. Puram Hobli, Bangalore 560037, Karnataka, India",35.9 x 23.7 x 2 Centimeters,1 Piece,Laptop,46.0,4.0
"HP Victus Gaming Laptop 11th Gen Intel Core i5-11400H16.1 inch(40.9 cm) FHD IPS Gaming Laptop(16GB RAM/512GB SSD/NVIDIA GeForce GTX 1650 graphics/144Hz/Backlit KB/Wi11/MSO/B&O/Alexa),16-d0311TX",65990.0,B0BSFZZKC1,"8,474 in Electronics (See Top 100 in Electronics) 88 in Traditional Laptops",16 January 2023,HP India Sales Pvt. Ltd.,HP India Sales Pvt. Ltd.,37 x 26.2 x 2.4 Centimeters,,Laptop,7.0,5.0
"Honor MagicBook 14, AMD Ryzen 5 5500U 14-inch (35.56 cm) FHD IPS Anti-Glare Thin and Light Laptop (16GB/512GB PCIe SSD/Windows 11/Fingerprint Login/Metal Body/Backlit KB/1.38Kg), Gray, NobelM-WFQ9AHNE",,B0BC9R8XYZ,"2,532 in Electronics (See Top 100 in Electronics) 14 in Traditional Laptops",21 September 2022,"Address: Tech-Front (Chongqing) Computer Co., Ltd. No. 18, ZongBao Road, Shapingba District Chongqing , CHINA CHONGQING,China-401332 E-mail: vince.chen@quantatw.com","Address : PSAV Global Tech Private Limited BR-12, Sector-45, Noida, Gautam Buddha Nagar, U.P. 201301, India Customer Care No.: 18003098970 E-mail: customersupport@psavglobaltech.com",16 x 215 x 323 Millimeters,1 Count,Laptop,479.0,4.3
"Honor MagicBook 14, AMD Ryzen 5 5500U 14-inch (35.56 cm) FHD IPS Anti-Glare Thin and Light Laptop (16GB/512GB PCIe SSD/Windows 11/Fingerprint Login/Metal Body/Backlit KB/1.38Kg), Gray, NobelM-WFQ9AHNE",,B0BC9R8XYZ,"2,532 in Electronics (See Top 100 in Electronics) 14 in Traditional Laptops",21 September 2022,"Address: Tech-Front (Chongqing) Computer Co., Ltd. No. 18, ZongBao Road, Shapingba District Chongqing , CHINA CHONGQING,China-401332 E-mail: vince.chen@quantatw.com","Address : PSAV Global Tech Private Limited BR-12, Sector-45, Noida, Gautam Buddha Nagar, U.P. 201301, India Customer Care No.: 18003098970 E-mail: customersupport@psavglobaltech.com",16 x 215 x 323 Millimeters,1 Count,Laptop,479.0,4.3
"Lenovo IdeaPad D330 Intel Celeron N4020 10.1"" (25cm) HD IPS Detachable 2-in-1 Laptop (4GB/128GB eMMC/Windows 10/1 Yr Warranty/Mineral Grey/1.1Kg), 82H0001YIN",21797.0,B09SV2B5SR,"3,442 in Electronics (See Top 100 in Electronics) 20 in Traditional Laptops",18 February 2022,"One of the below: Hefei Bitland Information Technology Co.,Ltd - No.4088 Jiuxiu Road National Hefei economic & technology development area Hefei Anhui China LCFC（Hefei) Electronics Technology Co., Ltd. - NO.1-3188,YUNGU ROAD, HEFEI EXPORT PROCESSING ZONE. ANHUI PROVINCE,CHINA  Tech-Com(Shanghai) Computer Co Ltd - No.6 Ln.58,San-Zhuang Rd., Songjiang EPZ ShangHai, China Wistron InfoComm (Kunshan) Co.Ltd - 168# First Avenue, Kunshan Export Processing Zone, Kunshan, Jiangsu, China Compal information technology (kunshan) CO., LTD. - Address: No. 58, the 1st street, Kunshan Export Processing Zone, Jiangsu, P.R.O.C. CHINA Kunshan Hichain storage Co. Ltd - No. 88 Xinxiang Road  Avenue Kunshan CBZ Wujiang Hichain warehousing LTD - No.2088 Pangjin road, Wujiang economic development area,  Jiangsu, China","Lenovo (India) Private Limited, RBD Icon, Level 2, Doddenakundi Village, Marathahalli Outer Ring Road, K. R. Puram Hobli, Bangalore 560037, Karnataka, India",24.9 x 17.8 x 1 Centimeters,1 Piece,Laptop,448.0,3.8
Lenovo V14-IGL Laptop Intel Celeron N4020/4GB DDR4 RAM/256GB SSD/DOS/14.0 HD/ Intel UHD Graphics 600/1 Year Warranty,19999.0,B096W32J51,"4,093 in Computers & Accessories (See Top 100 in Computers & Accessories) 136 in Traditional Laptops",9 February 2023,Lenovo,Lenovo,24.1 x 32.7 x 2 Centimeters,1 Set,Lenovo V14-IGL,,
"Lenovo IdeaPad Slim 3 Intel Core i3-1115G4 11th Gen 15.6"" (39.62cm) FHD Laptop (8GB/256GB SSD/Win 11/Office 2021/2 Year Warranty/3 Month Game Pass/Platinum Grey/1.7Kg), 81X800LCIN",33990.0,B0B9YHX39M,"1,250 in Electronics (See Top 100 in Electronics) 2 in Traditional Laptops",17 August 2022,"One of the below: Hefei Bitland Information Technology Co.,Ltd - No.4088 Jiuxiu Road National Hefei economic & technology development area Hefei Anhui China LCFC（Hefei) Electronics Technology Co., Ltd. - NO.1-3188,YUNGU ROAD, HEFEI EXPORT PROCESSING ZONE. ANHUI PROVINCE,CHINA  Tech-Com(Shanghai) Computer Co Ltd - No.6 Ln.58,San-Zhuang Rd., Songjiang EPZ ShangHai, China Wistron InfoComm (Kunshan) Co.Ltd - 168# First Avenue, Kunshan Export Processing Zone, Kunshan, Jiangsu, China Compal information technology (kunshan) CO., LTD. - Address: No. 58, the 1st street, Kunshan Export Processing Zone, Jiangsu, P.R.O.C. CHINA Kunshan Hichain storage Co. Ltd - No. 88 Xinxiang Road  Avenue Kunshan CBZ Wujiang Hichain warehousing LTD - No.2088 Pangjin road, Wujiang economic development area,  Jiangsu, China","Lenovo (India) Private Limited, RBD Icon, Level 2, Doddenakundi Village, Marathahalli Outer Ring Road, K. R. Puram Hobli, Bangalore 560037, Karnataka, India",36.2 x 25.3 x 2 Centimeters,1 Piece,Laptop,84.0,4.0
"ASUS VivoBook 15 (2021), 15.6-inch (39.62 cm) HD, Dual Core Intel Celeron N4020, Thin and Light Laptop (4GB RAM/256GB SSD/Integrated Graphics/Windows 11 Home/Transparent Silver/1.8 Kg), X515MA-BR011W",25990.0,B09SGGB687,980 in Computers & Accessories (See Top 100 in Computers & Accessories) 18 in Traditional Laptops,13 February 2022,"TECH FRONT ( CHONGQING) Computer Co. Ltd, NO 18 , Zongbao Road, Shapingba Dist,Chongquing, China","ASUS INDIA PRIVATE LIMITED, 402, Supreme chambers, 17/18, Shah Industrial Estate, Veer Desai Road, Andheri (west), Mumbai 400053, India",23.5 x 36 x 2 Centimeters,1 count,Laptop,840.0,4.0
"Lenovo ThinkBook 15 AMD Ryzen 5 5500U 15.6"" (39.62cm) FHD 220 nits Antiglare Thin and Light Laptop (8GB/512GB SSD/Windows 11/MS Office/Mineral Grey/1.7 Kg), 21A4A09UIH",45990.0,B0B1DK542Q,"22,087 in Electronics (See Top 100 in Electronics) 220 in Traditional Laptops",16 May 2022,"Compal Information Technology ( KUNSHUN) co.ltd No.58 First Avenue, A Zone KUNSHAN Comprehensive Free Trade Zone, KUNSHAN, Jiangsu China","Lenovo India Pvt Ltd RBD Icon, 2nd Floor, Doddenekundi Marathaalli Outer Ring Road Bangalore, India 560037",23.5 x 35.7 x 1.9 Centimeters,1 Case,Laptop,83.0,3.9
"Honor MagicBook 15, AMD Ryzen 5 5500U 15.6-inch (39.62 cm) FHD IPS Anti-Glare Thin and Light Laptop (8GB/256GB PCIe SSD/Windows 11/ Metal Body/Fingerprint Login/1.54Kg), Gray, BohrM-WDQ9CHNE",39490.0,B0BC9S5DLW,"2,805 in Electronics (See Top 100 in Electronics) 15 in Traditional Laptops",21 September 2022,"Address: Tech-Front (Chongqing) Computer Co., Ltd. No. 18, ZongBao Road, Shapingba District Chongqing , CHINA CHONGQING,China-401332 E-mail: vince.chen@quantatw.com","Address : PSAV Global Tech Private Limited BR-12, Sector-45, Noida, Gautam Buddha Nagar, U.P. 201301, India Customer Care No.: 18003098970 E-mail: customersupport@psavglobaltech.com",17 x 230 x 357 Millimeters,1 Count,Laptop,479.0,4.3
"HP 15s-Ryzen 3 3250U 8GB SDRAM/256GB SSD 15.6inch(39.6cm) HD, Micro-Edge Laptop/AMD Radeon Graphics/Dual Speakers/Win 11 Home/MS Office/Fast Charge/Jet Black/1.69Kg, 15s-ey1508AU",33490.0,B0BJ2LZXD9,"1,621 in Computers & Accessories (See Top 100 in Computers & Accessories) 47 in Traditional Laptops",13 October 2022,HP India Sales Pvt Ltd,HP India Sales Pvt Ltd,35.9 x 24.2 x 1.8 Centimeters,1 Pack,Laptop,114.0,3.4
"HP 255 G8 Laptop with AMD Athlon Silver 3050U APU/ 8GB Ram/ 1TB HDD/DOS/AMD Radeon Vega 8 Mobile Graphics/39.6 cm HD (1366 x 768), SVA, Anti-Glare WLED/Black/1 Year Onsite Warranty",27990.0,B09N7TY7VL,"3,677 in Computers & Accessories (See Top 100 in Computers & Accessories) 116 in Traditional Laptops",15 December 2022,HP,HP,24.2 x 35.8 x 2 Centimeters,1 Set,HP 255 G8,26.0,3.4
"Lenovo IdeaPad Gaming 3 Intel Core i5 11th Gen 15.6"" (39.62cm) FHD IPS Gaming Laptop (8GB/512GB SSD/4GB NVIDIA GTX 1650/120Hz/Win 11/Backlit/3months Game Pass/Shadow Black/2.25Kg), 82K10198IN",55990.0,B0B4JQ9X9C,"15,053 in Electronics (See Top 100 in Electronics) 157 in Traditional Laptops",5 July 2022,"One of the below: Hefei Bitland Information Technology Co.,Ltd - No.4088 Jiuxiu Road National Hefei economic & technology development area Hefei Anhui China LCFC（Hefei) Electronics Technology Co., Ltd. - NO.1-3188,YUNGU ROAD, HEFEI EXPORT PROCESSING ZONE. ANHUI PROVINCE,CHINA  Tech-Com(Shanghai) Computer Co Ltd - No.6 Ln.58,San-Zhuang Rd., Songjiang EPZ ShangHai, China Wistron InfoComm (Kunshan) Co.Ltd - 168# First Avenue, Kunshan Export Processing Zone, Kunshan, Jiangsu, China Compal information technology (kunshan) CO., LTD. - Address: No. 58, the 1st street, Kunshan Export Processing Zone, Jiangsu, P.R.O.C. CHINA Kunshan Hichain storage Co. Ltd - No. 88 Xinxiang Road  Avenue Kunshan CBZ Wujiang Hichain warehousing LTD - No.2088 Pangjin road, Wujiang economic development area,  Jiangsu, China","Lenovo (India) Private Limited, RBD Icon, Level 2, Doddenakundi Village, Marathahalli Outer Ring Road, K. R. Puram Hobli, Bangalore 560037, Karnataka, India",36 x 25.2 x 2.4 Centimeters,1 Piece,Laptop,473.0,4.1
"Lenovo E41-55 AMD 14-inch HD 220 Nits Antiglare Thin and Light Laptop (AMD Athlon A3150U/4GB RAM/256GB HDD/DOS/Integrated AMD Graphics/Grey/1 Year Onsite/1.59 kg), 82FJ00AGIH",18990.0,B0B65NN833,"1,441 in Computers & Accessories (See Top 100 in Computers & Accessories) 35 in Traditional Laptops",9 July 2022,"Compal Information Technology ( KUNSHUN) co.ltd No.58 First Avenue, A Zone KUNSHAN Comprehensive Free Trade Zone, KUNSHAN, Jiangsu China","Lenovo India Pvt Ltd RBD Icon, 2nd Floor, Doddenekundi Marathaalli Outer Ring Road Bangalore, India 560037",23 x 33 x 2 Centimeters,1 Case,Laptop,12.0,3.9
"Lenovo E41-55 AMD 14-inch HD 220 Nits Antiglare Thin and Light Laptop (AMD Athlon A3150U/4GB RAM/256GB HDD/DOS/Integrated AMD Graphics/Grey/1 Year Onsite/1.59 kg), 82FJ00AGIH",18990.0,B0B65NN833,"1,441 in Computers & Accessories (See Top 100 in Computers & Accessories) 35 in Traditional Laptops",9 July 2022,"Compal Information Technology ( KUNSHUN) co.ltd No.58 First Avenue, A Zone KUNSHAN Comprehensive Free Trade Zone, KUNSHAN, Jiangsu China","Lenovo India Pvt Ltd RBD Icon, 2nd Floor, Doddenekundi Marathaalli Outer Ring Road Bangalore, India 560037",23 x 33 x 2 Centimeters,1 Case,Laptop,12.0,3.9
"Lenovo IdeaPad Slim 5 Intel Core i5 11th Gen 15.6"" (39.62cm) FHD IPS Thin & Light Laptop (16GB/512GB SSD/Windows 11/Office 2021/Backlit/FPR/3months Game Pass/Graphite Grey/1.66Kg), 82FG01B5IN",59418.0,B09Q5F1GTP,"5,057 in Electronics (See Top 100 in Electronics) 46 in Traditional Laptops",11 January 2022,"One of the below: Hefei Bitland Information Technology Co.,Ltd - No.4088 Jiuxiu Road National Hefei economic & technology development area Hefei Anhui China LCFC（Hefei) Electronics Technology Co., Ltd. - NO.1-3188,YUNGU ROAD, HEFEI EXPORT PROCESSING ZONE. ANHUI PROVINCE,CHINA  Tech-Com(Shanghai) Computer Co Ltd - No.6 Ln.58,San-Zhuang Rd., Songjiang EPZ ShangHai, China Wistron InfoComm (Kunshan) Co.Ltd - 168# First Avenue, Kunshan Export Processing Zone, Kunshan, Jiangsu, China Compal information technology (kunshan) CO., LTD. - Address: No. 58, the 1st street, Kunshan Export Processing Zone, Jiangsu, P.R.O.C. CHINA Kunshan Hichain storage Co. Ltd - No. 88 Xinxiang Road  Avenue Kunshan CBZ Wujiang Hichain warehousing LTD - No.2088 Pangjin road, Wujiang economic development area,  Jiangsu, China","Lenovo (India) Private Limited, RBD Icon, Level 2, Doddenakundi Village, Marathahalli Outer Ring Road, K. R. Puram Hobli, Bangalore 560037, Karnataka, India",35.7 x 23.3 x 2 Centimeters,1 Piece,Laptop,81.0,4.2
"Lenovo V15 Intel Celeron N4020 15.6"" (39.62 cm) HD 220 nits Antiglare Thin and Light Laptop (4GB RAM/256GB SSD/DOS/Iron Grey/1.85 kg), 82C3A008IH",19990.0,B09MZPN672,"12,214 in Electronics (See Top 100 in Electronics) 121 in Traditional Laptops",26 March 2022,Lenovo,"Lenovo (India) Private Limited, RBD Icon, Level 2, Doddenakundi Village, Marathahalli Outer Ring Road, K.R. Puram Hobli, Bangalore 560037, Karnataka, India",25.2 x 36.2 x 2 Centimeters,1 Case,Laptop,175.0,3.2
"HP Victus Gaming Laptop 11th Gen Intel Core i5-11400H16.1 inch(40.9 cm) FHD IPS Gaming Laptop(16GB RAM/512GB SSD/NVIDIA GeForce GTX 1650 graphics/144Hz/Backlit KB/Wi11/MSO/B&O/Alexa),16-d0311TX",65990.0,B0BSFZZKC1,"8,474 in Electronics (See Top 100 in Electronics) 88 in Traditional Laptops",16 January 2023,HP India Sales Pvt. Ltd.,HP India Sales Pvt. Ltd.,37 x 26.2 x 2.4 Centimeters,,Laptop,7.0,5.0
"Lenovo E41-55 AMD 14-inch HD 220 Nits Antiglare Thin and Light Laptop (AMD Athlon A3150U/4GB RAM/256GB HDD/DOS/Integrated AMD Graphics/Grey/1 Year Onsite/1.59 kg), 82FJ00AGIH",18990.0,B0B65NN833,"1,441 in Computers & Accessories (See Top 100 in Computers & Accessories) 35 in Traditional Laptops",9 July 2022,"Compal Information Technology ( KUNSHUN) co.ltd No.58 First Avenue, A Zone KUNSHAN Comprehensive Free Trade Zone, KUNSHAN, Jiangsu China","Lenovo India Pvt Ltd RBD Icon, 2nd Floor, Doddenekundi Marathaalli Outer Ring Road Bangalore, India 560037",23 x 33 x 2 Centimeters,1 Case,Laptop,12.0,3.9
"Lenovo Ideapad 3 AMD Ryzen 5 5500U 15.6"" (39.62cm) FHD Thin & Light Laptop (8GB/512GB SSD/Windows 11/Office 2021/Backlit Keyboard/2Yr Warranty/Arctic Grey/1.65Kg), 82KU017KIN",45126.0,B09MM58Y7Q,"2,125 in Electronics (See Top 100 in Electronics) 9 in Traditional Laptops",26 November 2021,"One of the below: Hefei Bitland Information Technology Co.,Ltd - No.4088 Jiuxiu Road National Hefei economic & technology development area Hefei Anhui China LCFC（Hefei) Electronics Technology Co., Ltd. - NO.1-3188,YUNGU ROAD, HEFEI EXPORT PROCESSING ZONE. ANHUI PROVINCE,CHINA  Tech-Com(Shanghai) Computer Co Ltd - No.6 Ln.58,San-Zhuang Rd., Songjiang EPZ ShangHai, China Wistron InfoComm (Kunshan) Co.Ltd - 168# First Avenue, Kunshan Export Processing Zone, Kunshan, Jiangsu, China Compal information technology (kunshan) CO., LTD. - Address: No. 58, the 1st street, Kunshan Export Processing Zone, Jiangsu, P.R.O.C. CHINA Kunshan Hichain storage Co. Ltd - No. 88 Xinxiang Road  Avenue Kunshan CBZ Wujiang Hichain warehousing LTD - No.2088 Pangjin road, Wujiang economic development area,  Jiangsu, China","Lenovo (India) Private Limited, RBD Icon, Level 2, Doddenakundi Village, Marathahalli Outer Ring Road, K. R. Puram Hobli, Bangalore 560037, Karnataka, India",35.9 x 23.7 x 2 Centimeters,1 Piece,Laptop,1309.0,4.2
"MSI Cyborg 15, Intel 12th Gen. i7-12650H, 40CM FHD 144Hz Gaming Laptop (16GB/512GB NVMe SSD/Windows 11 Home/Nvidia GeForce RTX4060, 8GB GDDR6/Translucent Black/1.98Kg), A12VF-069IN",124837.0,B0BW9GMQV6,"10,935 in Computers & Accessories (See Top 100 in Computers & Accessories) 359 in Traditional Laptops",20 February 2023,"Micro-Star International Co., Ltd. No. 88 East Qianjin Road, Kunshan City, Jiangsu, China","Micro-Star International Co., Ltd. No. 88 East Qianjin Road, Kunshan City, Jiangsu, China",35.9 x 25 x 2.3 Centimeters,1 Pack,Laptop,,
"HP 15s, AMD Athlon Silver 3050U 8GB RAM/512GB SSD 15.6-inches/39.6 cm HD, Micro-Edge Display/Windows 11/AMD Radeon Graphics/Dual Speakers/MSO/Fast Charge/1.69 Kg, 15s-eq1559AU",29212.0,B0B6F5TDK4,407 in Computers & Accessories (See Top 100 in Computers & Accessories) 3 in Traditional Laptops,13 July 2022,HP India Sales Pvt. Ltd.,HP India Sales Pvt. Ltd.,35.8 x 24.2 x 1.8 Centimeters,1 Pack,Laptop,170.0,3.7
"Apple 2020 MacBook Air Laptop M1 chip, 13.3-inch/33.74 cm Retina Display, 8GB RAM, 256GB SSD Storage, Backlit Keyboard, FaceTime HD Camera, Touch ID. Works with iPhone/iPad; Silver",85990.0,,,,,,,,,,
"Lenovo IdeaPad Gaming 3 Intel Core i5 11th Gen 15.6"" (39.62cm) FHD IPS Gaming Laptop (8GB/512GB SSD/4GB NVIDIA GTX 1650/120Hz/Win 11/Backlit/3months Game Pass/Shadow Black/2.25Kg), 82K10198IN",55990.0,B0B4JQ9X9C,"15,053 in Electronics (See Top 100 in Electronics) 157 in Traditional Laptops",5 July 2022,"One of the below: Hefei Bitland Information Technology Co.,Ltd - No.4088 Jiuxiu Road National Hefei economic & technology development area Hefei Anhui China LCFC（Hefei) Electronics Technology Co., Ltd. - NO.1-3188,YUNGU ROAD, HEFEI EXPORT PROCESSING ZONE. ANHUI PROVINCE,CHINA  Tech-Com(Shanghai) Computer Co Ltd - No.6 Ln.58,San-Zhuang Rd., Songjiang EPZ ShangHai, China Wistron InfoComm (Kunshan) Co.Ltd - 168# First Avenue, Kunshan Export Processing Zone, Kunshan, Jiangsu, China Compal information technology (kunshan) CO., LTD. - Address: No. 58, the 1st street, Kunshan Export Processing Zone, Jiangsu, P.R.O.C. CHINA Kunshan Hichain storage Co. Ltd - No. 88 Xinxiang Road  Avenue Kunshan CBZ Wujiang Hichain warehousing LTD - No.2088 Pangjin road, Wujiang economic development area,  Jiangsu, China","Lenovo (India) Private Limited, RBD Icon, Level 2, Doddenakundi Village, Marathahalli Outer Ring Road, K. R. Puram Hobli, Bangalore 560037, Karnataka, India",36 x 25.2 x 2.4 Centimeters,1 Piece,Laptop,473.0,4.1
"HP 245 G8 Laptop with AMD Athlon Silver 3050U APU/ 8GB Ram/ 1TB HDD/ Windows 11/AMD Radeon Vega 8 Mobile Graphics/35.6 cm HD (1366 x 768), SVA , Anti-Glare WLED/Black/1 Year Onsite Warranty",25999.0,B0BRV3F3MD,"1,524 in Computers & Accessories (See Top 100 in Computers & Accessories) 40 in Traditional Laptops",7 January 2023,,,,1.00 Set,,4.0,3.1
"Lenovo IdeaPad Gaming 3 Intel Core i5 11th Gen 15.6"" (39.62cm) FHD IPS Gaming Laptop (8GB/512GB SSD/4GB NVIDIA GTX 1650/120Hz/Win 11/Backlit/3months Game Pass/Shadow Black/2.25Kg), 82K10198IN",55990.0,B0B4JQ9X9C,"15,053 in Electronics (See Top 100 in Electronics) 157 in Traditional Laptops",5 July 2022,"One of the below: Hefei Bitland Information Technology Co.,Ltd - No.4088 Jiuxiu Road National Hefei economic & technology development area Hefei Anhui China LCFC（Hefei) Electronics Technology Co., Ltd. - NO.1-3188,YUNGU ROAD, HEFEI EXPORT PROCESSING ZONE. ANHUI PROVINCE,CHINA  Tech-Com(Shanghai) Computer Co Ltd - No.6 Ln.58,San-Zhuang Rd., Songjiang EPZ ShangHai, China Wistron InfoComm (Kunshan) Co.Ltd - 168# First Avenue, Kunshan Export Processing Zone, Kunshan, Jiangsu, China Compal information technology (kunshan) CO., LTD. - Address: No. 58, the 1st street, Kunshan Export Processing Zone, Jiangsu, P.R.O.C. CHINA Kunshan Hichain storage Co. Ltd - No. 88 Xinxiang Road  Avenue Kunshan CBZ Wujiang Hichain warehousing LTD - No.2088 Pangjin road, Wujiang economic development area,  Jiangsu, China","Lenovo (India) Private Limited, RBD Icon, Level 2, Doddenakundi Village, Marathahalli Outer Ring Road, K. R. Puram Hobli, Bangalore 560037, Karnataka, India",36 x 25.2 x 2.4 Centimeters,1 Piece,Laptop,473.0,4.1
"HP 245 G8 Laptop with AMD Athlon Silver 3050U APU/ 8GB Ram/ 1TB HDD/ Windows 11/AMD Radeon Vega 8 Mobile Graphics/35.6 cm HD (1366 x 768), SVA , Anti-Glare WLED/Black/1 Year Onsite Warranty",25999.0,B0BRV3F3MD,"1,524 in Computers & Accessories (See Top 100 in Computers & Accessories) 40 in Traditional Laptops",7 January 2023,,,,1.00 Set,,4.0,3.1
"Lenovo IdeaPad Slim 5 Intel Core i5 11th Gen 15.6"" (39.62cm) FHD IPS Thin & Light Laptop (16GB/512GB SSD/Windows 11/Office 2021/Backlit/FPR/3months Game Pass/Graphite Grey/1.66Kg), 82FG01B5IN",59418.0,B09Q5F1GTP,"5,057 in Electronics (See Top 100 in Electronics) 46 in Traditional Laptops",11 January 2022,"One of the below: Hefei Bitland Information Technology Co.,Ltd - No.4088 Jiuxiu Road National Hefei economic & technology development area Hefei Anhui China LCFC（Hefei) Electronics Technology Co., Ltd. - NO.1-3188,YUNGU ROAD, HEFEI EXPORT PROCESSING ZONE. ANHUI PROVINCE,CHINA  Tech-Com(Shanghai) Computer Co Ltd - No.6 Ln.58,San-Zhuang Rd., Songjiang EPZ ShangHai, China Wistron InfoComm (Kunshan) Co.Ltd - 168# First Avenue, Kunshan Export Processing Zone, Kunshan, Jiangsu, China Compal information technology (kunshan) CO., LTD. - Address: No. 58, the 1st street, Kunshan Export Processing Zone, Jiangsu, P.R.O.C. CHINA Kunshan Hichain storage Co. Ltd - No. 88 Xinxiang Road  Avenue Kunshan CBZ Wujiang Hichain warehousing LTD - No.2088 Pangjin road, Wujiang economic development area,  Jiangsu, China","Lenovo (India) Private Limited, RBD Icon, Level 2, Doddenakundi Village, Marathahalli Outer Ring Road, K. R. Puram Hobli, Bangalore 560037, Karnataka, India",35.7 x 23.3 x 2 Centimeters,1 Piece,Laptop,81.0,4.2
"Lenovo IdeaPad Slim 3 Intel Core i3 12th Gen 15.6"" (39.62cm) FHD Thin & Light Laptop (8GB/512GB SSD/Windows 11/Office 2021/2Yr Warranty/3months Game Pass/Arctic Grey/1.63Kg), 82RK006DIN",45990.0,B0B4JPC8GT,"13,459 in Electronics (See Top 100 in Electronics) 135 in Traditional Laptops",20 June 2022,"One of the below: Hefei Bitland Information Technology Co.,Ltd - No.4088 Jiuxiu Road National Hefei economic & technology development area Hefei Anhui China LCFC（Hefei) Electronics Technology Co., Ltd. - NO.1-3188,YUNGU ROAD, HEFEI EXPORT PROCESSING ZONE. ANHUI PROVINCE,CHINA  Tech-Com(Shanghai) Computer Co Ltd - No.6 Ln.58,San-Zhuang Rd., Songjiang EPZ ShangHai, China Wistron InfoComm (Kunshan) Co.Ltd - 168# First Avenue, Kunshan Export Processing Zone, Kunshan, Jiangsu, China Compal information technology (kunshan) CO., LTD. - Address: No. 58, the 1st street, Kunshan Export Processing Zone, Jiangsu, P.R.O.C. CHINA Kunshan Hichain storage Co. Ltd - No. 88 Xinxiang Road  Avenue Kunshan CBZ Wujiang Hichain warehousing LTD - No.2088 Pangjin road, Wujiang economic development area,  Jiangsu, China","Lenovo (India) Private Limited, RBD Icon, Level 2, Doddenakundi Village, Marathahalli Outer Ring Road, K. R. Puram Hobli, Bangalore 560037, Karnataka, India",35.9 x 23.7 x 2 Centimeters,1 Piece,Laptop,46.0,4.0
"Acer Extensa 15 Lightweight Laptop Intel Core i3 11th Gen Processor (4 GB RAM/256GB SSD/Windows 11 Home/Intel UHD Graphics /1.7Kg/Black) EX215-54 with 15.6"" (39.6 cms) Full HD Display",30490.0,B09STHP9PX,"23,889 in Electronics (See Top 100 in Electronics) 236 in Traditional Laptops",18 February 2022,"Compal Electronics Pvt Ltd, No.D01, Zone D, Air Port Section of LiangLu CunTan Free Trade Port Area, YuBei District, Chongqing, China","ACER INDIA PRIVATE LIMITED Embassy Heights, 6th Floor, No. 13 Magrath Road, Next to HOSMAT Hospital, Bangalore, INDIA – 560025",23.8 x 36.3 x 2 Centimeters,1 Piece,Laptops,552.0,4.0
"Lenovo ThinkBook 15 AMD Ryzen 5 5500U 15.6"" (39.62cm) FHD 220 nits Antiglare Thin and Light Laptop (8GB/512GB SSD/Windows 11/MS Office/Mineral Grey/1.7 Kg), 21A4A09UIH",45990.0,B0B1DK542Q,"22,087 in Electronics (See Top 100 in Electronics) 220 in Traditional Laptops",16 May 2022,"Compal Information Technology ( KUNSHUN) co.ltd No.58 First Avenue, A Zone KUNSHAN Comprehensive Free Trade Zone, KUNSHAN, Jiangsu China","Lenovo India Pvt Ltd RBD Icon, 2nd Floor, Doddenekundi Marathaalli Outer Ring Road Bangalore, India 560037",23.5 x 35.7 x 1.9 Centimeters,1 Case,Laptop,83.0,3.9
"Lenovo IdeaPad Slim 3 Intel Core i5 11th Gen 15.6 inches (39.62cm) FHD Thin & Light Business Laptop (8GB/512GB SSD/Windows 11/MS Office/Backlit Keyboard/Arctic Grey/1.65Kg), 82H802XTIN",52829.0,B0B82FX9JW,"9,396 in Electronics (See Top 100 in Electronics) 97 in Traditional Laptops",29 July 2022,"One of the below: Hefei Bitland Information Technology Co.,Ltd - No.4088 Jiuxiu Road National Hefei economic & technology development area Hefei Anhui China LCFC（Hefei) Electronics Technology Co., Ltd. - NO.1-3188,YUNGU ROAD, HEFEI EXPORT PROCESSING ZONE. ANHUI PROVINCE,CHINA  Tech-Com(Shanghai) Computer Co Ltd - No.6 Ln.58,San-Zhuang Rd., Songjiang EPZ ShangHai, China Wistron InfoComm (Kunshan) Co.Ltd - 168# First Avenue, Kunshan Export Processing Zone, Kunshan, Jiangsu, China Compal information technology (kunshan) CO., LTD. - Address: No. 58, the 1st street, Kunshan Export Processing Zone, Jiangsu, P.R.O.C. CHINA Kunshan Hichain storage Co. Ltd - No. 88 Xinxiang Road  Avenue Kunshan CBZ Wujiang Hichain warehousing LTD - No.2088 Pangjin road, Wujiang economic development area,  Jiangsu, China","Lenovo (India) Private Limited, RBD Icon, Level 2, Doddenakundi Village, Marathahalli Outer Ring Road, K. R. Puram Hobli, Bangalore 560037, Karnataka, India",35.9 x 23.7 x 2 Centimeters,1 Piece,Laptop,474.0,4.1
"Lenovo IdeaPad Slim 3 Intel Core i5 11th Gen 15.6 inches (39.62cm) FHD Thin & Light Business Laptop (8GB/512GB SSD/Windows 11/MS Office/Backlit Keyboard/Arctic Grey/1.65Kg), 82H802XTIN",52829.0,B0B82FX9JW,"9,396 in Electronics (See Top 100 in Electronics) 97 in Traditional Laptops",29 July 2022,"One of the below: Hefei Bitland Information Technology Co.,Ltd - No.4088 Jiuxiu Road National Hefei economic & technology development area Hefei Anhui China LCFC（Hefei) Electronics Technology Co., Ltd. - NO.1-3188,YUNGU ROAD, HEFEI EXPORT PROCESSING ZONE. ANHUI PROVINCE,CHINA  Tech-Com(Shanghai) Computer Co Ltd - No.6 Ln.58,San-Zhuang Rd., Songjiang EPZ ShangHai, China Wistron InfoComm (Kunshan) Co.Ltd - 168# First Avenue, Kunshan Export Processing Zone, Kunshan, Jiangsu, China Compal information technology (kunshan) CO., LTD. - Address: No. 58, the 1st street, Kunshan Export Processing Zone, Jiangsu, P.R.O.C. CHINA Kunshan Hichain storage Co. Ltd - No. 88 Xinxiang Road  Avenue Kunshan CBZ Wujiang Hichain warehousing LTD - No.2088 Pangjin road, Wujiang economic development area,  Jiangsu, China","Lenovo (India) Private Limited, RBD Icon, Level 2, Doddenakundi Village, Marathahalli Outer Ring Road, K. R. Puram Hobli, Bangalore 560037, Karnataka, India",35.9 x 23.7 x 2 Centimeters,1 Piece,Laptop,474.0,4.1
"Apple 2020 MacBook Air Laptop M1 chip, 13.3-inch/33.74 cm Retina Display, 8GB RAM, 256GB SSD Storage, Backlit Keyboard, FaceTime HD Camera, Touch ID. Works with iPhone/iPad; Silver",85990.0,,,,,,,,,,
"Lenovo Yoga 7 AMD Ryzen 7 5800U 14""(35.56cm) FHD IPS 2-in-1 Convertible Touchscreen Laptop(16GB/512GB SSD/Win10/Office/Backlit/Digital Pen/3Yr Warranty/Slate Grey/Aluminium Surface/1.45Kg), 82N7000AIN",96990.0,B09GBCDZ79,"54,030 in Computers & Accessories (See Top 100 in Computers & Accessories) 53 in 2 in 1 Laptops",15 September 2021,"One of the below: Hefei Bitland Information Technology Co.,Ltd - No.4088 Jiuxiu Road National Hefei economic & technology development area Hefei Anhui China LCFC（Hefei) Electronics Technology Co., Ltd. - NO.1-3188,YUNGU ROAD, HEFEI EXPORT PROCESSING ZONE. ANHUI PROVINCE,CHINA  Tech-Com(Shanghai) Computer Co Ltd - No.6 Ln.58,San-Zhuang Rd., Songjiang EPZ ShangHai, China Wistron InfoComm (Kunshan) Co.Ltd - 168# First Avenue, Kunshan Export Processing Zone, Kunshan, Jiangsu, China Compal information technology (kunshan) CO., LTD. - Address: No. 58, the 1st street, Kunshan Export Processing Zone, Jiangsu, P.R.O.C. CHINA Kunshan Hichain storage Co. Ltd - No. 88 Xinxiang Road  Avenue Kunshan CBZ Wujiang Hichain warehousing LTD - No.2088 Pangjin road, Wujiang economic development area,  Jiangsu, China","Lenovo (India) Private Limited, RBD Icon, Level 2, Doddenakundi Village, Marathahalli Outer Ring Road, K. R. Puram Hobli, Bangalore 560037, Karnataka, India",32 x 16.7 x 1.8 Centimeters,1 Piece,Laptop,14.0,4.1
"HP 255 G8 Laptop with AMD Athlon Silver 3050U APU/ 8GB Ram/ 1TB HDD/DOS/AMD Radeon Vega 8 Mobile Graphics/39.6 cm HD (1366 x 768), SVA, Anti-Glare WLED/Black/1 Year Onsite Warranty",27990.0,B09N7TY7VL,"3,677 in Computers & Accessories (See Top 100 in Computers & Accessories) 116 in Traditional Laptops",15 December 2022,HP,HP,24.2 x 35.8 x 2 Centimeters,1 Set,HP 255 G8,26.0,3.4
"Honor MagicBook 15, AMD Ryzen 5 5500U 15.6-inch (39.62 cm) FHD IPS Anti-Glare Thin and Light Laptop (8GB/256GB PCIe SSD/Windows 11/ Metal Body/Fingerprint Login/1.54Kg), Gray, BohrM-WDQ9CHNE",39490.0,B0BC9S5DLW,"2,805 in Electronics (See Top 100 in Electronics) 15 in Traditional Laptops",21 September 2022,"Address: Tech-Front (Chongqing) Computer Co., Ltd. No. 18, ZongBao Road, Shapingba District Chongqing , CHINA CHONGQING,China-401332 E-mail: vince.chen@quantatw.com","Address : PSAV Global Tech Private Limited BR-12, Sector-45, Noida, Gautam Buddha Nagar, U.P. 201301, India Customer Care No.: 18003098970 E-mail: customersupport@psavglobaltech.com",17 x 230 x 357 Millimeters,1 Count,Laptop,479.0,4.3
"Lenovo IdeaPad Gaming 3 Intel Core i5 11th Gen 15.6"" (39.62cm) FHD IPS Gaming Laptop (8GB/512GB SSD/4GB NVIDIA GTX 1650/120Hz/Win 11/Backlit/3months Game Pass/Shadow Black/2.25Kg), 82K10198IN",55990.0,B0B4JQ9X9C,"15,053 in Electronics (See Top 100 in Electronics) 157 in Traditional Laptops",5 July 2022,"One of the below: Hefei Bitland Information Technology Co.,Ltd - No.4088 Jiuxiu Road National Hefei economic & technology development area Hefei Anhui China LCFC（Hefei) Electronics Technology Co., Ltd. - NO.1-3188,YUNGU ROAD, HEFEI EXPORT PROCESSING ZONE. ANHUI PROVINCE,CHINA  Tech-Com(Shanghai) Computer Co Ltd - No.6 Ln.58,San-Zhuang Rd., Songjiang EPZ ShangHai, China Wistron InfoComm (Kunshan) Co.Ltd - 168# First Avenue, Kunshan Export Processing Zone, Kunshan, Jiangsu, China Compal information technology (kunshan) CO., LTD. - Address: No. 58, the 1st street, Kunshan Export Processing Zone, Jiangsu, P.R.O.C. CHINA Kunshan Hichain storage Co. Ltd - No. 88 Xinxiang Road  Avenue Kunshan CBZ Wujiang Hichain warehousing LTD - No.2088 Pangjin road, Wujiang economic development area,  Jiangsu, China","Lenovo (India) Private Limited, RBD Icon, Level 2, Doddenakundi Village, Marathahalli Outer Ring Road, K. R. Puram Hobli, Bangalore 560037, Karnataka, India",36 x 25.2 x 2.4 Centimeters,1 Piece,Laptop,473.0,4.1
"ASUS VivoBook 15 (2021), 15.6-inch (39.62 cm) HD, Dual Core Intel Celeron N4020, Thin and Light Laptop (4GB RAM/256GB SSD/Integrated Graphics/Windows 11 Home/Transparent Silver/1.8 Kg), X515MA-BR011W",25990.0,B09SGGB687,980 in Computers & Accessories (See Top 100 in Computers & Accessories) 18 in Traditional Laptops,13 February 2022,"TECH FRONT ( CHONGQING) Computer Co. Ltd, NO 18 , Zongbao Road, Shapingba Dist,Chongquing, China","ASUS INDIA PRIVATE LIMITED, 402, Supreme chambers, 17/18, Shah Industrial Estate, Veer Desai Road, Andheri (west), Mumbai 400053, India",23.5 x 36 x 2 Centimeters,1 count,Laptop,840.0,4.0
"Lenovo IdeaPad Slim 3 Intel Core i5 11th Gen 15.6 inches (39.62cm) FHD Thin & Light Business Laptop (8GB/512GB SSD/Windows 11/MS Office/Backlit Keyboard/Arctic Grey/1.65Kg), 82H802XTIN",52829.0,B0B82FX9JW,"9,396 in Electronics (See Top 100 in Electronics) 97 in Traditional Laptops",29 July 2022,"One of the below: Hefei Bitland Information Technology Co.,Ltd - No.4088 Jiuxiu Road National Hefei economic & technology development area Hefei Anhui China LCFC（Hefei) Electronics Technology Co., Ltd. - NO.1-3188,YUNGU ROAD, HEFEI EXPORT PROCESSING ZONE. ANHUI PROVINCE,CHINA  Tech-Com(Shanghai) Computer Co Ltd - No.6 Ln.58,San-Zhuang Rd., Songjiang EPZ ShangHai, China Wistron InfoComm (Kunshan) Co.Ltd - 168# First Avenue, Kunshan Export Processing Zone, Kunshan, Jiangsu, China Compal information technology (kunshan) CO., LTD. - Address: No. 58, the 1st street, Kunshan Export Processing Zone, Jiangsu, P.R.O.C. CHINA Kunshan Hichain storage Co. Ltd - No. 88 Xinxiang Road  Avenue Kunshan CBZ Wujiang Hichain warehousing LTD - No.2088 Pangjin road, Wujiang economic development area,  Jiangsu, China","Lenovo (India) Private Limited, RBD Icon, Level 2, Doddenakundi Village, Marathahalli Outer Ring Road, K. R. Puram Hobli, Bangalore 560037, Karnataka, India",35.9 x 23.7 x 2 Centimeters,1 Piece,Laptop,474.0,4.1
Lenovo V14-IGL Laptop Intel Celeron N4020/4GB DDR4 RAM/256GB SSD/DOS/14.0 HD/ Intel UHD Graphics 600/1 Year Warranty,19999.0,B096W32J51,"4,093 in Computers & Accessories (See Top 100 in Computers & Accessories) 136 in Traditional Laptops",9 February 2023,Lenovo,Lenovo,24.1 x 32.7 x 2 Centimeters,1 Set,Lenovo V14-IGL,,
"Lenovo Ideapad 3 AMD Ryzen 5 5500U 15.6"" (39.62cm) FHD Thin & Light Laptop (8GB/512GB SSD/Windows 11/Office 2021/Backlit Keyboard/2Yr Warranty/Arctic Grey/1.65Kg), 82KU017KIN",45126.0,B09MM58Y7Q,"2,125 in Electronics (See Top 100 in Electronics) 9 in Traditional Laptops",26 November 2021,"One of the below: Hefei Bitland Information Technology Co.,Ltd - No.4088 Jiuxiu Road National Hefei economic & technology development area Hefei Anhui China LCFC（Hefei) Electronics Technology Co., Ltd. - NO.1-3188,YUNGU ROAD, HEFEI EXPORT PROCESSING ZONE. ANHUI PROVINCE,CHINA  Tech-Com(Shanghai) Computer Co Ltd - No.6 Ln.58,San-Zhuang Rd., Songjiang EPZ ShangHai, China Wistron InfoComm (Kunshan) Co.Ltd - 168# First Avenue, Kunshan Export Processing Zone, Kunshan, Jiangsu, China Compal information technology (kunshan) CO., LTD. - Address: No. 58, the 1st street, Kunshan Export Processing Zone, Jiangsu, P.R.O.C. CHINA Kunshan Hichain storage Co. Ltd - No. 88 Xinxiang Road  Avenue Kunshan CBZ Wujiang Hichain warehousing LTD - No.2088 Pangjin road, Wujiang economic development area,  Jiangsu, China","Lenovo (India) Private Limited, RBD Icon, Level 2, Doddenakundi Village, Marathahalli Outer Ring Road, K. R. Puram Hobli, Bangalore 560037, Karnataka, India",35.9 x 23.7 x 2 Centimeters,1 Piece,Laptop,1309.0,4.2
"Lenovo IdeaPad Flex 5 AMD Ryzen 5 5500U 14"" (35.56cm) WUXGA IPS 2-in-1 Convertible Touchscreen Laptop (16GB/512GB SDD/Win11/Office 2021/Backlit/FPR/3months Game Pass/Storm Grey/1.55Kg), 82R9008GIN",62001.0,B0B569D2Y4,"3,516 in Computers & Accessories (See Top 100 in Computers & Accessories) 108 in Traditional Laptops",22 July 2022,"One of the below: Hefei Bitland Information Technology Co.,Ltd - No.4088 Jiuxiu Road National Hefei economic & technology development area Hefei Anhui China LCFC（Hefei) Electronics Technology Co., Ltd. - NO.1-3188,YUNGU ROAD, HEFEI EXPORT PROCESSING ZONE. ANHUI PROVINCE,CHINA  Tech-Com(Shanghai) Computer Co Ltd - No.6 Ln.58,San-Zhuang Rd., Songjiang EPZ ShangHai, China Wistron InfoComm (Kunshan) Co.Ltd - 168# First Avenue, Kunshan Export Processing Zone, Kunshan, Jiangsu, China Compal information technology (kunshan) CO., LTD. - Address: No. 58, the 1st street, Kunshan Export Processing Zone, Jiangsu, P.R.O.C. CHINA Kunshan Hichain storage Co. Ltd - No. 88 Xinxiang Road  Avenue Kunshan CBZ Wujiang Hichain warehousing LTD - No.2088 Pangjin road, Wujiang economic development area,  Jiangsu, China","Lenovo (India) Private Limited, RBD Icon, Level 2, Doddenakundi Village, Marathahalli Outer Ring Road, K. R. Puram Hobli, Bangalore 560037, Karnataka, India",31.3 x 22.5 x 1.8 Centimeters,1 Piece,Laptop,26.0,3.9
"Lenovo V15 Intel Celeron N4020 15.6"" (39.62 cm) HD 220 nits Antiglare Thin and Light Laptop (4GB RAM/256GB SSD/DOS/Iron Grey/1.85 kg), 82C3A008IH",19990.0,B09MZPN672,"12,214 in Electronics (See Top 100 in Electronics) 121 in Traditional Laptops",26 March 2022,Lenovo,"Lenovo (India) Private Limited, RBD Icon, Level 2, Doddenakundi Village, Marathahalli Outer Ring Road, K.R. Puram Hobli, Bangalore 560037, Karnataka, India",25.2 x 36.2 x 2 Centimeters,1 Case,Laptop,175.0,3.2
"Honor MagicBook 15, AMD Ryzen 5 5500U 15.6-inch (39.62 cm) FHD IPS Anti-Glare Thin and Light Laptop (8GB/256GB PCIe SSD/Windows 11/ Metal Body/Fingerprint Login/1.54Kg), Gray, BohrM-WDQ9CHNE",39490.0,B0BC9S5DLW,"2,805 in Electronics (See Top 100 in Electronics) 15 in Traditional Laptops",21 September 2022,"Address: Tech-Front (Chongqing) Computer Co., Ltd. No. 18, ZongBao Road, Shapingba District Chongqing , CHINA CHONGQING,China-401332 E-mail: vince.chen@quantatw.com","Address : PSAV Global Tech Private Limited BR-12, Sector-45, Noida, Gautam Buddha Nagar, U.P. 201301, India Customer Care No.: 18003098970 E-mail: customersupport@psavglobaltech.com",17 x 230 x 357 Millimeters,1 Count,Laptop,479.0,4.3
"Lenovo IdeaPad Slim 5 Intel Core i5 11th Gen 15.6"" (39.62cm) FHD IPS Thin & Light Laptop (16GB/512GB SSD/Windows 11/Office 2021/Backlit/FPR/3months Game Pass/Graphite Grey/1.66Kg), 82FG01B5IN",59418.0,B09Q5F1GTP,"5,057 in Electronics (See Top 100 in Electronics) 46 in Traditional Laptops",11 January 2022,"One of the below: Hefei Bitland Information Technology Co.,Ltd - No.4088 Jiuxiu Road National Hefei economic & technology development area Hefei Anhui China LCFC（Hefei) Electronics Technology Co., Ltd. - NO.1-3188,YUNGU ROAD, HEFEI EXPORT PROCESSING ZONE. ANHUI PROVINCE,CHINA  Tech-Com(Shanghai) Computer Co Ltd - No.6 Ln.58,San-Zhuang Rd., Songjiang EPZ ShangHai, China Wistron InfoComm (Kunshan) Co.Ltd - 168# First Avenue, Kunshan Export Processing Zone, Kunshan, Jiangsu, China Compal information technology (kunshan) CO., LTD. - Address: No. 58, the 1st street, Kunshan Export Processing Zone, Jiangsu, P.R.O.C. CHINA Kunshan Hichain storage Co. Ltd - No. 88 Xinxiang Road  Avenue Kunshan CBZ Wujiang Hichain warehousing LTD - No.2088 Pangjin road, Wujiang economic development area,  Jiangsu, China","Lenovo (India) Private Limited, RBD Icon, Level 2, Doddenakundi Village, Marathahalli Outer Ring Road, K. R. Puram Hobli, Bangalore 560037, Karnataka, India",35.7 x 23.3 x 2 Centimeters,1 Piece,Laptop,81.0,4.2
"Lenovo (Renewed) Thinkpad T440-i5-8 GB-500 GB 14-inch Laptop (4th Gen Core i5/8GB/500GB HDD/Windows 7/Integrated Graphics), Black",,B07S3VLQZR,"1,180 in Computers & Accessories (See Top 100 in Computers & Accessories) 6 in For the Cricket Frenzy 23 in Holi Renewed 26 in Traditional Laptops",20 May 2019,,,20 x 20 x 8 Centimeters,,,10.0,2.4
"Honor MagicBook 14, AMD Ryzen 5 5500U 14-inch (35.56 cm) FHD IPS Anti-Glare Thin and Light Laptop (8GB/512GB PCIe SSD/Windows 11/Fingerprint Login/Metal Body /Backlit KB/1.38Kg), Gray, NobelM-WDQ9BHNE",,B0BC9VHH9F,"4,143 in Electronics (See Top 100 in Electronics) 30 in Traditional Laptops",21 September 2022,"Address: Tech-Front (Chongqing) Computer Co., Ltd. No. 18, ZongBao Road, Shapingba District Chongqing , CHINA CHONGQING,China-401332 E-mail: vince.chen@quantatw.com","Address : PSAV Global Tech Private Limited BR-12, Sector-45, Noida, Gautam Buddha Nagar, U.P. 201301, India Customer Care No.: 18003098970 E-mail: customersupport@psavglobaltech.com",16 x 215 x 323 Millimeters,1 Count,Laptop,479.0,4.3
(Renewed) DELL LATITUDE 7390 (Core i5 8th GEN /8GB RAM/ 256GB SSD/ WEBCAM/ 13.3'' TOUCH/ WIN-10 PRO) 1 Year Warranty,,B0BVR5761Y,"1,580 in Computers & Accessories (See Top 100 in Computers & Accessories) 31 in Holi Renewed 42 in Traditional Laptops",14 February 2023,,,,1.00 count,,2.0,3.0
(Renewed) DELL LATITUDE 7390 (Core i5 8th GEN /8GB RAM/ 256GB SSD/ WEBCAM/ 13.3'' TOUCH/ WIN-10 PRO) 1 Year Warranty,,B0BVR5761Y,"1,580 in Computers & Accessories (See Top 100 in Computers & Accessories) 31 in Holi Renewed 42 in Traditional Laptops",14 February 2023,,,,1.00 count,,2.0,3.0
"HP 14s, 11th Gen Intel Core i3-1115G4, 8GB RAM/256GB SSD 14-inch(35.6 cm) Micro-Edge, Anti-Glare, FHD Laptop/Alexa Built-in/Win 11/Intel UHD Graphics/Dual Speakers/ MSO 2021/1.41 Kg, 14s-dy2507TU",35490.0,B0B63Y75P9,688 in Electronics (See Top 100 in Electronics) 1 in Traditional Laptops,8 July 2022,HP India Sales Pvt. Ltd.,HP India Sales Pvt. Ltd.,32.5 x 21.6 x 1.7 Centimeters,,Laptop,443.0,4.0
"Lenovo Ideapad 3 AMD Ryzen 5 5500U 15.6"" (39.62cm) FHD Thin & Light Laptop (8GB/512GB SSD/Windows 11/Office 2021/Backlit Keyboard/2Yr Warranty/Arctic Grey/1.65Kg), 82KU017KIN",45126.0,B09MM58Y7Q,"2,125 in Electronics (See Top 100 in Electronics) 9 in Traditional Laptops",26 November 2021,"One of the below: Hefei Bitland Information Technology Co.,Ltd - No.4088 Jiuxiu Road National Hefei economic & technology development area Hefei Anhui China LCFC（Hefei) Electronics Technology Co., Ltd. - NO.1-3188,YUNGU ROAD, HEFEI EXPORT PROCESSING ZONE. ANHUI PROVINCE,CHINA  Tech-Com(Shanghai) Computer Co Ltd - No.6 Ln.58,San-Zhuang Rd., Songjiang EPZ ShangHai, China Wistron InfoComm (Kunshan) Co.Ltd - 168# First Avenue, Kunshan Export Processing Zone, Kunshan, Jiangsu, China Compal information technology (kunshan) CO., LTD. - Address: No. 58, the 1st street, Kunshan Export Processing Zone, Jiangsu, P.R.O.C. CHINA Kunshan Hichain storage Co. Ltd - No. 88 Xinxiang Road  Avenue Kunshan CBZ Wujiang Hichain warehousing LTD - No.2088 Pangjin road, Wujiang economic development area,  Jiangsu, China","Lenovo (India) Private Limited, RBD Icon, Level 2, Doddenakundi Village, Marathahalli Outer Ring Road, K. R. Puram Hobli, Bangalore 560037, Karnataka, India",35.9 x 23.7 x 2 Centimeters,1 Piece,Laptop,1309.0,4.2
"Honor MagicBook 14, AMD Ryzen 5 5500U 14-inch (35.56 cm) FHD IPS Anti-Glare Thin and Light Laptop (8GB/512GB PCIe SSD/Windows 11/Fingerprint Login/Metal Body /Backlit KB/1.38Kg), Gray, NobelM-WDQ9BHNE",,B0BC9VHH9F,"4,143 in Electronics (See Top 100 in Electronics) 30 in Traditional Laptops",21 September 2022,"Address: Tech-Front (Chongqing) Computer Co., Ltd. No. 18, ZongBao Road, Shapingba District Chongqing , CHINA CHONGQING,China-401332 E-mail: vince.chen@quantatw.com","Address : PSAV Global Tech Private Limited BR-12, Sector-45, Noida, Gautam Buddha Nagar, U.P. 201301, India Customer Care No.: 18003098970 E-mail: customersupport@psavglobaltech.com",16 x 215 x 323 Millimeters,1 Count,Laptop,479.0,4.3
"Lenovo IdeaPad Slim 1 Intel Celeron N4020 4th Gen 11.6'' (29.46cm) HD Thin & Light Laptop (4GB/256GB SSD/Windows 11/Office 2021/3months Game Pass/Platinum Grey/1.2Kg), 81VT009UIN",24990.0,B09V7ZJYBN,"12,057 in Computers & Accessories (See Top 100 in Computers & Accessories) 399 in Traditional Laptops",10 March 2022,"One of the below: Hefei Bitland Information Technology Co.,Ltd - No.4088 Jiuxiu Road National Hefei economic & technology development area Hefei Anhui China LCFC（Hefei) Electronics Technology Co., Ltd. - NO.1-3188,YUNGU ROAD, HEFEI EXPORT PROCESSING ZONE. ANHUI PROVINCE,CHINA  Tech-Com(Shanghai) Computer Co Ltd - No.6 Ln.58,San-Zhuang Rd., Songjiang EPZ ShangHai, China Wistron InfoComm (Kunshan) Co.Ltd - 168# First Avenue, Kunshan Export Processing Zone, Kunshan, Jiangsu, China Compal information technology (kunshan) CO., LTD. - Address: No. 58, the 1st street, Kunshan Export Processing Zone, Jiangsu, P.R.O.C. CHINA Kunshan Hichain storage Co. Ltd - No. 88 Xinxiang Road  Avenue Kunshan CBZ Wujiang Hichain warehousing LTD - No.2088 Pangjin road, Wujiang economic development area,  Jiangsu, China","Lenovo (India) Private Limited, RBD Icon, Level 2, Doddenakundi Village, Marathahalli Outer Ring Road, K. R. Puram Hobli, Bangalore 560037, Karnataka, India",28.8 x 20 x 1.8 Centimeters,1 Piece,Laptop,918.0,3.8
"HP 14s, 11th Gen Intel Core i3-1115G4, 8GB RAM/256GB SSD 14-inch(35.6 cm) Micro-Edge, Anti-Glare, FHD Laptop/Alexa Built-in/Win 11/Intel UHD Graphics/Dual Speakers/ MSO 2021/1.41 Kg, 14s-dy2507TU",35490.0,B0B63Y75P9,688 in Electronics (See Top 100 in Electronics) 1 in Traditional Laptops,8 July 2022,HP India Sales Pvt. Ltd.,HP India Sales Pvt. Ltd.,32.5 x 21.6 x 1.7 Centimeters,,Laptop,443.0,4.0
"Lenovo Ideapad 3 AMD Ryzen 5 5500U 15.6"" (39.62cm) FHD Thin & Light Laptop (8GB/512GB SSD/Windows 11/Office 2021/Backlit Keyboard/2Yr Warranty/Arctic Grey/1.65Kg), 82KU017KIN",45126.0,B09MM58Y7Q,"2,125 in Electronics (See Top 100 in Electronics) 9 in Traditional Laptops",26 November 2021,"One of the below: Hefei Bitland Information Technology Co.,Ltd - No.4088 Jiuxiu Road National Hefei economic & technology development area Hefei Anhui China LCFC（Hefei) Electronics Technology Co., Ltd. - NO.1-3188,YUNGU ROAD, HEFEI EXPORT PROCESSING ZONE. ANHUI PROVINCE,CHINA  Tech-Com(Shanghai) Computer Co Ltd - No.6 Ln.58,San-Zhuang Rd., Songjiang EPZ ShangHai, China Wistron InfoComm (Kunshan) Co.Ltd - 168# First Avenue, Kunshan Export Processing Zone, Kunshan, Jiangsu, China Compal information technology (kunshan) CO., LTD. - Address: No. 58, the 1st street, Kunshan Export Processing Zone, Jiangsu, P.R.O.C. CHINA Kunshan Hichain storage Co. Ltd - No. 88 Xinxiang Road  Avenue Kunshan CBZ Wujiang Hichain warehousing LTD - No.2088 Pangjin road, Wujiang economic development area,  Jiangsu, China","Lenovo (India) Private Limited, RBD Icon, Level 2, Doddenakundi Village, Marathahalli Outer Ring Road, K. R. Puram Hobli, Bangalore 560037, Karnataka, India",35.9 x 23.7 x 2 Centimeters,1 Piece,Laptop,1309.0,4.2
"Lenovo IdeaPad Slim 1 Intel Celeron N4020 4th Gen 11.6'' (29.46cm) HD Thin & Light Laptop (4GB/256GB SSD/Windows 11/Office 2021/3months Game Pass/Platinum Grey/1.2Kg), 81VT009UIN",24990.0,B09V7ZJYBN,"12,057 in Computers & Accessories (See Top 100 in Computers & Accessories) 399 in Traditional Laptops",10 March 2022,"One of the below: Hefei Bitland Information Technology Co.,Ltd - No.4088 Jiuxiu Road National Hefei economic & technology development area Hefei Anhui China LCFC（Hefei) Electronics Technology Co., Ltd. - NO.1-3188,YUNGU ROAD, HEFEI EXPORT PROCESSING ZONE. ANHUI PROVINCE,CHINA  Tech-Com(Shanghai) Computer Co Ltd - No.6 Ln.58,San-Zhuang Rd., Songjiang EPZ ShangHai, China Wistron InfoComm (Kunshan) Co.Ltd - 168# First Avenue, Kunshan Export Processing Zone, Kunshan, Jiangsu, China Compal information technology (kunshan) CO., LTD. - Address: No. 58, the 1st street, Kunshan Export Processing Zone, Jiangsu, P.R.O.C. CHINA Kunshan Hichain storage Co. Ltd - No. 88 Xinxiang Road  Avenue Kunshan CBZ Wujiang Hichain warehousing LTD - No.2088 Pangjin road, Wujiang economic development area,  Jiangsu, China","Lenovo (India) Private Limited, RBD Icon, Level 2, Doddenakundi Village, Marathahalli Outer Ring Road, K. R. Puram Hobli, Bangalore 560037, Karnataka, India",28.8 x 20 x 1.8 Centimeters,1 Piece,Laptop,918.0,3.8
